pos,aa,zrate,zmin,zmax,sz,nongap,nseq,entropy
1,A,-0.7183,-0.926,-0.5746,0.2851,20,184,0.902762577502228
2,E,1.284,0.798,2.08,0.7825,31,184,2.01056460121379
3,G,1.493,0.798,2.08,0.7201,45,184,2.06248027179068
4,D,1.534,0.798,2.08,0.6802,53,184,2.18150288658072
5,T,0.9663,0.798,0.798,0.6427,79,184,2.30245861133556
6,L,-0.3167,-0.4198,-0.2337,0.1619,131,184,1.88002261869818
7,I,0.7801,0.798,0.798,0.2043,156,184,2.33399825062179
8,S,-0.6423,-0.7071,-0.5746,0.1151,167,184,1.93617441528591
9,V,0.225,0.0004005,0.3143,0.2216,174,184,2.37707364860285
10,D,-0.1386,-0.2337,0.0004005,0.1596,177,184,2.39414575292297
11,Y,-0.3739,-0.4198,-0.2337,0.1447,180,184,1.92193507330325
12,E,0.6677,0.3143,0.798,0.2211,180,184,2.59401463722878
13,I,-0.8851,-0.926,-0.8232,0.0845,180,184,1.06714299097118
14,F,0.3681,0.3143,0.3143,0.2491,181,184,2.44546488742133
15,G,-1.376,-1.379,-1.379,0.01454,184,184,0.387212375186361
16,K,-0.2325,-0.2337,-0.2337,0.1518,184,184,2.07626478779003
17,V,-1.379,-1.379,-1.379,0.003655,184,184,0.414467563449339
18,Q,-1.378,-1.379,-1.379,0.005676,184,184,0.427093859711935
19,G,-1.369,-1.379,-1.379,0.02441,184,184,0.527122524267304
20,V,-1.373,-1.379,-1.379,0.01886,184,184,0.556673762664745
21,F,-0.7993,-0.926,-0.7071,0.1194,184,184,1.39040126496454
22,F,-1.109,-1.18,-1.103,0.08051,184,184,0.792957570463477
23,R,-1.377,-1.379,-1.379,0.01041,184,184,0.549542743650096
24,K,-0.8265,-0.926,-0.7071,0.1095,184,184,1.93939727390805
25,Y,-0.5703,-0.7071,-0.4198,0.1372,184,184,1.82692541120395
26,T,-1.042,-1.103,-1.019,0.06587,184,184,1.52643533588406
27,Q,-0.1471,-0.2337,0.0004005,0.1689,184,184,2.17341006815983
28,A,-0.04325,-0.2337,0.0004005,0.1709,184,184,2.25988697734218
29,E,-0.07219,-0.2337,0.0004005,0.18,184,184,2.26594290092159
30,G,-1.373,-1.379,-1.379,0.01907,184,184,0.74128008031735
31,K,0.9553,0.798,0.798,0.4264,184,184,2.3617692966916
32,K,0.7135,0.798,0.798,0.1859,184,184,2.07093402091525
33,L,-0.1814,-0.2337,0.0004005,0.1754,184,184,1.7832352498196
34,G,-0.324,-0.4198,-0.2337,0.1631,184,184,1.52169190981719
35,L,-0.6484,-0.7071,-0.5746,0.1269,184,184,1.22590692240839
36,V,0.1623,0.0004005,0.3143,0.1849,184,184,2.24587069979959
37,G,-1.376,-1.379,-1.379,0.01454,184,184,0.583331426801516
38,W,0.2282,0.0004005,0.3143,0.2385,184,184,1.78240556460759
39,V,-1.249,-1.251,-1.251,0.04314,184,184,1.08748763479547
40,Q,-0.3124,-0.4198,-0.2337,0.1452,184,184,1.96251698259961
41,N,-1.379,-1.379,-1.379,0.003302,184,184,0.602848731983234
42,T,-0.484,-0.5746,-0.4198,0.1377,170,184,2.03893264387588
43,D,0.2515,0.0004005,0.3143,0.2144,174,184,2.14696955437934
44,Q,-0.1842,-0.2337,0.0004005,0.1598,184,184,2.03859896255321
45,G,-1.228,-1.251,-1.18,0.06064,184,184,0.882243273340333
46,T,-0.7199,-0.8232,-0.7071,0.12,129,184,1.91961100936311
47,V,-1.315,-1.317,-1.317,0.02794,184,184,0.797756866660625
48,Q,-0.3942,-0.4198,-0.2337,0.1486,184,184,1.88360981068689
49,G,-0.94,-1.019,-0.926,0.08269,184,184,1.60407183064872
50,Q,-0.1716,-0.2337,0.0004005,0.1691,178,184,1.99309158608426
51,L,-0.4526,-0.5746,-0.4198,0.1301,178,184,1.73875219564164
52,Q,-0.598,-0.7071,-0.5746,0.1238,181,184,1.6786674549117
53,G,-1.096,-1.18,-1.019,0.08123,182,184,0.916352274024472
54,P,1.459,0.798,2.08,0.6416,180,184,2.09215594602998
55,A,2.038,2.08,2.08,0.2301,182,184,2.16332170296898
56,S,1.376,0.798,2.08,0.639,184,184,2.06468245184284
57,K,0.4187,0.3143,0.798,0.2382,183,184,2.13750857823717
58,V,-0.5027,-0.5746,-0.4198,0.1354,183,184,1.52009837568573
59,R,0.7661,0.798,0.798,0.1256,183,184,2.10404497605182
60,H,2.016,2.08,2.08,0.2804,183,184,2.13102392646082
61,M,-0.9395,-1.019,-0.926,0.09611,184,184,1.33787417831735
62,Q,0.2122,0.0004005,0.3143,0.1988,184,184,1.9945535313215
63,E,2.076,2.08,2.08,0.07183,183,184,2.19536090444109
64,W,0.2638,0.0004005,0.3143,0.2357,184,184,1.88142981756678
65,L,-0.8037,-0.926,-0.7071,0.1175,184,184,1.33456079743199
66,E,0.4337,0.3143,0.798,0.2408,184,184,2.13983921735546
67,T,1.923,2.08,2.08,0.4211,184,184,2.22771149776546
68,K,0.7627,0.798,0.798,0.2697,132,184,2.13697384395893
69,G,-0.6092,-0.7071,-0.5746,0.136,184,184,1.62216870368095
70,S,-1.176,-1.251,-1.103,0.06237,184,184,1.09132255680594
71,P,-0.8645,-0.926,-0.8232,0.1068,182,184,1.17643108002233
72,K,0.04678,0.0004005,0.3143,0.1956,183,184,1.92026359180885
73,S,-1.125,-1.18,-1.103,0.0574,183,184,1.11138220256512
74,H,0.2167,0.0004005,0.3143,0.1855,184,184,1.78312999901496
75,I,-1.189,-1.251,-1.18,0.05098,184,184,1.14802644315523
76,D,0.1631,0.0004005,0.3143,0.1865,184,184,1.65614103048329
77,R,0.3967,0.3143,0.3143,0.2355,184,184,1.9553485354368
78,A,-0.2128,-0.2337,-0.2337,0.1521,184,184,1.69440254915446
79,S,0.7811,0.798,0.798,0.1384,184,184,1.98096323554794
80,F,0.3605,0.3143,0.3143,0.2329,184,184,1.9864987674762
81,H,0.7249,0.798,0.798,0.1782,184,184,1.87133507163345
82,N,0.6455,0.3143,0.798,0.2308,184,184,1.96946328330439
83,E,0.7426,0.798,0.798,0.1678,182,184,2.07600952983804
84,K,0.7723,0.798,0.798,0.2142,157,184,1.95490071054076
85,V,2.073,2.08,2.08,0.09682,148,184,2.0390195550917
86,I,1.792,2.08,2.08,0.5358,178,184,2.05916962483465
87,V,1.003,0.798,0.798,0.4763,179,184,1.97912498539181
88,K,0.9298,0.798,0.798,0.4002,181,184,1.89893677467106
89,L,0.9821,0.798,2.08,0.6828,48,184,1.58477870649995
90,D,0.6393,0.3143,0.798,0.5388,48,184,1.82268068103332
91,Y,0.3648,0.3143,0.3143,0.269,144,184,1.55790085984876
92,T,2.053,2.08,2.08,0.1847,177,184,1.91713801812013
93,D,0.6541,0.3143,0.798,0.2258,182,184,1.70293160750314
94,F,-1.352,-1.379,-1.317,0.03795,182,184,0.727779816158474
95,Q,1.965,2.08,2.08,0.3678,178,184,1.90816177384391
96,I,-1.206,-1.251,-1.18,0.04974,166,184,0.910142814836695
97,V,0.3175,0.3143,0.3143,0.2444,147,184,1.65836892552405
98,K,-0.421,-0.5746,-0.2337,0.2159,67,184,1.37135626876509
