j,mutation,dvm,dvs,delta_g_entropy,msfj,mlmsj
1,0,0,0,0,0.27409368473765955,58.5
1,1,1.9640441387511673,2.345191146471009,0,0.27409368473765955,58.5
1,2,1.3121526824729948,2.2516202574285087,0,0.27409368473765955,58.5
1,3,4.511203496938134,5.693752865367711,0,0.27409368473765955,58.5
1,4,1.3356989038759095,2.334332357764958,0,0.27409368473765955,58.5
1,5,0.7073929784744681,1.9094628899600092,0,0.27409368473765955,58.5
1,6,2.23168845377101,3.2590496192542058,0,0.27409368473765955,58.5
1,7,0.8251559626166101,3.5732288035541417,0,0.27409368473765955,58.5
1,8,1.5668769666996025,3.2358752933761012,0,0.27409368473765955,58.5
1,9,1.1895306672860828,1.4049532687436674,0,0.27409368473765955,58.5
1,10,3.795401297465062,5.226496729444092,0,0.27409368473765955,58.5
2,0,0,0,0,0.22327782754614206,49.5
2,1,1.5690481952072346,1.9198634915796624,0,0.22327782754614206,49.5
2,2,0.8957946029062194,1.7257457194495731,0,0.22327782754614206,49.5
2,3,1.9178631228041316,2.9224081108341213,0,0.22327782754614206,49.5
2,4,1.648639937925522,2.8966637986241155,0,0.22327782754614206,49.5
2,5,4.0486412421462,4.978400303311713,0,0.22327782754614206,49.5
2,6,1.8163881241784303,2.416921364705559,0,0.22327782754614206,49.5
2,7,0.7933725603022407,1.1054937201420703,0,0.22327782754614206,49.5
2,8,1.2739560611255918,1.6583355556799984,0,0.22327782754614206,49.5
2,9,0.9133978250940097,1.4433975189763109,0,0.22327782754614206,49.5
2,10,0.6869086210867184,1.1902035962096826,0,0.22327782754614206,49.5
3,0,0,0,0,0.24816286220314487,49.5
3,1,3.7548328057687987,4.476595168619196,0,0.24816286220314487,49.5
3,2,1.9922152957736574,2.9224081108341218,0,0.24816286220314487,49.5
3,3,1.1627601229960045,1.3982218691150894,0,0.24816286220314487,49.5
3,4,1.7790814739391094,2.416921364705558,0,0.24816286220314487,49.5
3,5,3.839580429769266,4.49797100746484,0,0.24816286220314487,49.5
3,6,1.10373309304358,1.4433975189763133,0,0.24816286220314487,49.5
3,7,1.809289886643425,2.257166808092933,0,0.24816286220314487,49.5
3,8,1.5181658049825149,1.9360063110532353,0,0.24816286220314487,49.5
3,9,1.0034055164618876,1.1529569420382018,0,0.24816286220314487,49.5
3,10,2.0462264811485364,2.467150136807349,0,0.24816286220314487,49.5
4,0,0,0,0,0.20781144262811962,45
4,1,1.1418587425260127,1.6117807841579501,0,0.20781144262811962,45
4,2,2.094054822377717,2.7789007275672675,0,0.20781144262811962,45
4,3,1.80818526558458,2.395974303518972,0,0.20781144262811962,45
4,4,1.0986282700753145,1.3954980799137622,0,0.20781144262811962,45
4,5,0.7355070157748446,1.0621436586482278,0,0.20781144262811962,45
4,6,1.61675680151239,1.9360028054155731,0,0.20781144262811962,45
4,7,0.9441634451405607,1.3116266550048388,0,0.20781144262811962,45
4,8,1.654621379775773,2.2983125400766338,0,0.20781144262811962,45
4,9,1.0630369673608473,1.419805998870878,0,0.20781144262811962,45
4,10,1.5203799557209592,1.930594166217402,0,0.20781144262811962,45
5,0,0,0,0,0.15790653675394462,72
5,1,1.2577980553447359,2.3283696503431264,0,0.15790653675394462,72
5,2,5.061413853801833,5.823333874021316,0,0.15790653675394462,72
5,3,3.209656167487344,4.896075545532905,0,0.15790653675394462,72
5,4,2.0244158719163727,2.62708304521957,0,0.15790653675394462,72
5,5,1.6169787105351292,2.558866091216815,0,0.15790653675394462,72
5,6,1.9219605661687125,3.0162421060778133,0,0.15790653675394462,72
5,7,2.268621953596193,3.4469570627500086,0,0.15790653675394462,72
5,8,1.4485682117378875,2.3620685825111387,0,0.15790653675394462,72
5,9,2.292675369454338,4.212536581907592,0,0.15790653675394462,72
5,10,2.0937048643462983,3.1851878762199437,0,0.15790653675394462,72
6,0,0,0,0,0.08517998040906447,94.5
6,1,5.239117436624007,6.452252945518877,0,0.08517998040906447,94.5
6,2,3.6551612371357427,4.94844453618861,0,0.08517998040906447,94.5
6,3,3.180158276345728,4.627665078153949,0,0.08517998040906447,94.5
6,4,2.9460921358726955,3.4880911935755012,0,0.08517998040906447,94.5
6,5,3.4041267253586405,4.055866535280079,0,0.08517998040906447,94.5
6,6,3.1558205955370138,4.993909963901222,0,0.08517998040906447,94.5
6,7,2.308203634703265,3.329686529827742,0,0.08517998040906447,94.5
6,8,2.9720834181328453,3.411685378623656,0,0.08517998040906447,94.5
6,9,3.7355115429428376,4.8185499969635455,0,0.08517998040906447,94.5
6,10,4.9862568557508675,6.936213600333452,0,0.08517998040906447,94.5
7,0,0,0,0,0.07998315602758918,117
7,1,3.902706336074866,5.780374767878833,0,0.07998315602758918,117
7,2,4.173508459823001,5.45217971199791,0,0.07998315602758918,117
7,3,4.21787769051059,4.997149846753015,0,0.07998315602758918,117
7,4,2.8758074612585918,3.539914248759285,0,0.07998315602758918,117
7,5,4.435844565736037,5.28347635004383,0,0.07998315602758918,117
7,6,2.809448564264107,3.7149641433422316,0,0.07998315602758918,117
7,7,1.8832140071833943,2.5968018469844267,0,0.07998315602758918,117
7,8,4.635182495951107,5.7882904861030235,0,0.07998315602758918,117
7,9,3.165435257142786,3.766961237249334,0,0.07998315602758918,117
7,10,2.832690515503538,3.8576194539509046,0,0.07998315602758918,117
8,0,0,0,0,0.07945556286191047,117
8,1,4.889387776049973,5.861224720834399,0,0.07945556286191047,117
8,2,2.8290942703874458,3.9965884065569233,0,0.07945556286191047,117
8,3,3.3605043012183673,3.8632809595960764,0,0.07945556286191047,117
8,4,4.4756090485390345,5.661702475137446,0,0.07945556286191047,117
8,5,3.5751620363305183,4.480812563469604,0,0.07945556286191047,117
8,6,3.3236787356668276,3.991895111061447,0,0.07945556286191047,117
8,7,4.832698156456177,5.7882904861030235,0,0.07945556286191047,117
8,8,2.1921836532627474,3.2174876241127293,0,0.07945556286191047,117
8,9,5.098010740212701,6.444382667837405,0,0.07945556286191047,117
8,10,4.102419387564643,4.922164392705563,0,0.07945556286191047,117
9,0,0,0,0,0.100794958332727,99
9,1,5.23095565302825,6.706087081637545,0,0.100794958332727,99
9,2,3.202818050865051,4.664121755853231,0,0.100794958332727,99
9,3,4.519770771377352,5.190772860395574,0,0.100794958332727,99
9,4,3.1175279748729476,4.994282932492338,0,0.100794958332727,99
9,5,2.8838378534140263,6.111143199733104,0,0.100794958332727,99
9,6,3.258084619802481,4.995715852932572,0,0.100794958332727,99
9,7,2.6588652770203205,3.4262194856811896,0,0.100794958332727,99
9,8,3.1491700067475152,3.9485168074028993,0,0.100794958332727,99
9,9,3.647798851608151,4.147061740984111,0,0.100794958332727,99
9,10,2.893918099586882,4.496137663677933,0,0.100794958332727,99
10,0,0,0,0,0.09168625982320291,85.5
10,1,4.618224516117839,5.94367650147681,0,0.09168625982320291,85.5
10,2,2.42775219755382,3.160021672845947,0,0.09168625982320291,85.5
10,3,2.99494974262482,3.7631101456621265,0,0.09168625982320291,85.5
10,4,2.5633598028481455,3.1029929314472517,0,0.09168625982320291,85.5
10,5,3.0019274705567502,3.90428242126049,0,0.09168625982320291,85.5
10,6,4.766198222367799,5.428527586019113,0,0.09168625982320291,85.5
10,7,2.083471544620622,2.945097454553277,0,0.09168625982320291,85.5
10,8,3.6887275336276497,4.1594498061997776,0,0.09168625982320291,85.5
10,9,3.0484901633379513,4.095210791994975,0,0.09168625982320291,85.5
10,10,3.1966102146828255,3.86469813806277,0,0.09168625982320291,85.5
11,0,0,0,0,0.11638412329513168,99
11,1,4.558659971533568,5.476430335236925,0,0.11638412329513168,99
11,2,4.584298409890521,5.30914340329043,0,0.11638412329513168,99
11,3,3.8069469084923733,4.891579736388909,0,0.11638412329513168,99
11,4,3.2652763704333,4.519678082558277,0,0.11638412329513168,99
11,5,4.073165826738707,5.0204485656299465,0,0.11638412329513168,99
11,6,3.4305393724202067,4.053522668404314,0,0.11638412329513168,99
11,7,2.5510207636672564,3.4264984892391013,0,0.11638412329513168,99
11,8,2.455482240925316,3.360672460456183,0,0.11638412329513168,99
11,9,3.17400568909602,4.016556482873148,0,0.11638412329513168,99
11,10,3.372546653004758,4.025635117673334,0,0.11638412329513168,99
12,0,0,0,0,0.09476602895906516,94.5
12,1,4.08755467840405,4.948444536188611,0,0.09476602895906516,94.5
12,2,2.9678145549791517,3.4880911935755,0,0.09476602895906516,94.5
12,3,4.034233507882331,4.993909963901224,0,0.09476602895906516,94.5
12,4,2.922619944169994,3.4116853786236585,0,0.09476602895906516,94.5
12,5,5.900540519079019,6.9362136003334465,0,0.09476602895906516,94.5
12,6,3.031129384808122,3.7894153109551443,0,0.09476602895906516,94.5
12,7,5.2964278383061085,6.307766044596489,0,0.09476602895906516,94.5
12,8,4.578572350198229,5.965089213153315,0,0.09476602895906516,94.5
12,9,7.15849138244111,9.659012199095006,0,0.09476602895906516,94.5
12,10,4.635113899838665,5.493129664576739,0,0.09476602895906516,94.5
13,0,0,0,0,0.08472575274350161,117
13,1,5.412623665482606,6.328993406402298,0,0.08472575274350161,117
13,2,3.7043372485296957,4.750532976963937,0,0.08472575274350161,117
13,3,3.498394291442419,5.116516770032771,0,0.08472575274350161,117
13,4,3.6158851867992885,4.302452508132885,0,0.08472575274350161,117
13,5,2.7469737632667055,3.477321539508221,0,0.08472575274350161,117
13,6,3.8269839074591174,4.743020260552108,0,0.08472575274350161,117
13,7,3.174965391753555,3.846423730387623,0,0.08472575274350161,117
13,8,5.108990654404357,6.21003583928726,0,0.08472575274350161,117
13,9,2.632870043334818,3.4236913802013684,0,0.08472575274350161,117
13,10,6.16878626950231,7.9797449800588245,0,0.08472575274350161,117
14,0,0,0,0,0.09846348752348022,85.5
14,1,2.5118808269953363,3.051896036602324,0,0.09846348752348022,85.5
14,2,2.591533339660284,3.10609915259008,0,0.09846348752348022,85.5
14,3,2.3059564478720027,2.9244776882375114,0,0.09846348752348022,85.5
14,4,3.7984713211870207,4.704646900760052,0,0.09846348752348022,85.5
14,5,2.24624078585577,2.9450974545532786,0,0.09846348752348022,85.5
14,6,4.886042791199306,6.234923197601923,0,0.09846348752348022,85.5
14,7,3.22751796424128,3.9493862144424434,0,0.09846348752348022,85.5
14,8,3.890073309199026,4.893148603029456,0,0.09846348752348022,85.5
14,9,1.4288836667242704,2.067354703411594,0,0.09846348752348022,85.5
14,10,1.9443166162897167,2.356776575273804,0,0.09846348752348022,85.5
15,0,0,0,0,0.1326387050743697,58.5
15,1,3.9938298173049085,4.648023244127097,0,0.1326387050743697,58.5
15,2,1.954486795564278,2.577479500863633,0,0.1326387050743697,58.5
15,3,2.1592685167486283,3.902397143280113,0,0.1326387050743697,58.5
15,4,4.240851589304519,5.098950963169484,0,0.1326387050743697,58.5
15,5,1.8768079554599864,2.4207616549405815,0,0.1326387050743697,58.5
15,6,1.7935668613687525,2.599740398212863,0,0.1326387050743697,58.5
15,7,1.6763695221227748,2.0134318895049645,0,0.1326387050743697,58.5
15,8,3.2751271135782978,4.0474339228932115,0,0.1326387050743697,58.5
15,9,0.8788034606525137,1.1256362954884591,0,0.1326387050743697,58.5
15,10,3.110322667095863,3.6637528854799726,0,0.1326387050743697,58.5
16,0,0,0,0,0.10630829054922969,76.5
16,1,1.6559612454535892,2.4235715846485126,0,0.10630829054922969,76.5
16,2,2.636992756558387,3.2459318623696216,0,0.10630829054922969,76.5
16,3,2.357609648080358,3.0296422797113385,0,0.10630829054922969,76.5
16,4,2.0975924365883643,2.757178065920692,0,0.10630829054922969,76.5
16,5,3.188964738464197,3.922559333727647,0,0.10630829054922969,76.5
16,6,3.583985332979789,4.663760559648162,0,0.10630829054922969,76.5
16,7,2.378049025745482,2.9602927261559198,0,0.10630829054922969,76.5
16,8,2.4347539796188786,2.852766063824369,0,0.10630829054922969,76.5
16,9,3.5326378078504974,4.054067039222327,0,0.10630829054922969,76.5
16,10,2.3101816347635373,3.371891563717338,0,0.10630829054922969,76.5
17,0,0,0,0,0.08168889655055643,103.5
17,1,1.8813262204892975,2.525789245249703,0,0.08168889655055643,103.5
17,2,2.5221908085811546,3.6292380850192165,0,0.08168889655055643,103.5
17,3,3.655842957898805,4.747147981341685,0,0.08168889655055643,103.5
17,4,4.855209444534853,6.968755150311895,0,0.08168889655055643,103.5
17,5,4.288925998474728,5.07872527060437,0,0.08168889655055643,103.5
17,6,1.8061160023811713,2.291528596118494,0,0.08168889655055643,103.5
17,7,5.236166010966052,7.004382651913748,0,0.08168889655055643,103.5
17,8,2.8880791821126732,3.9803275084763747,0,0.08168889655055643,103.5
17,9,3.7812436592964596,4.25755343270376,0,0.08168889655055643,103.5
17,10,3.9036305230118957,4.615013054847234,0,0.08168889655055643,103.5
18,0,0,0,0,0.11195288012686311,90
18,1,3.0584660933387484,4.274229033296936,0,0.11195288012686311,90
18,2,2.71915742904985,4.968212880028428,0,0.11195288012686311,90
18,3,3.1418934083483823,4.808458616590324,0,0.11195288012686311,90
18,4,2.827790487223982,3.7893917274079283,0,0.11195288012686311,90
18,5,3.3977446373993834,4.141012313384285,0,0.11195288012686311,90
18,6,7.483200911833957,9.643344827338272,0,0.11195288012686311,90
18,7,1.3872667280340594,2.1070424517899378,0,0.11195288012686311,90
18,8,3.3581758133483928,4.146172639175431,0,0.11195288012686311,90
18,9,2.4674719791634265,3.4184184588599327,0,0.11195288012686311,90
18,10,3.0131794918130383,5.205467826292539,0,0.11195288012686311,90
19,0,0,0,0,0.18917205957441124,45
19,1,0.8582398733184192,1.0249025819699857,0,0.18917205957441124,45
19,2,1.251459796165844,1.7308099109988264,0,0.18917205957441124,45
19,3,1.8417792066862957,2.314472281112552,0,0.18917205957441124,45
19,4,1.136794917161454,1.47923169082739,0,0.18917205957441124,45
19,5,0.30162285029231195,0.44749397838062316,0,0.18917205957441124,45
19,6,0.7771905095120524,1.1171946057629463,0,0.18917205957441124,45
19,7,2.2485209262720405,2.9861696279913783,0,0.18917205957441124,45
19,8,0.6917434232233112,0.9443293185395579,0,0.18917205957441124,45
19,9,2.8010452096903626,3.413933730767033,0,0.18917205957441124,45
19,10,0.7709768174375575,1.0630144543482425,0,0.18917205957441124,45
20,0,0,0,0,0.1382279838059579,58.5
20,1,1.2251409939240892,1.7270877547153607,0,0.1382279838059579,58.5
20,2,1.8337353134786303,2.2289969717464064,0,0.1382279838059579,58.5
20,3,4.308239660394186,5.098950963169485,0,0.1382279838059579,58.5
20,4,1.8185298317139607,2.4859089956851235,0,0.1382279838059579,58.5
20,5,1.9196920543561309,3.0009677765679847,0,0.1382279838059579,58.5
20,6,3.1458356199518103,4.047433922893209,0,0.1382279838059579,58.5
20,7,1.250938377406301,1.6989540374694505,0,0.1382279838059579,58.5
20,8,2.2632391310578894,2.873665990977176,0,0.1382279838059579,58.5
20,9,2.4094534441333626,3.9123161782949345,0,0.1382279838059579,58.5
20,10,1.5990914193842494,1.8886096074437442,0,0.1382279838059579,58.5
21,0,0,0,0,0.14573241861636577,58.5
21,1,1.8579982897281333,2.394078113418588,0,0.14573241861636577,58.5
21,2,1.6751575514321493,2.0827014553687024,0,0.14573241861636577,58.5
21,3,1.0858014631110424,1.3301392162909986,0,0.14573241861636577,58.5
21,4,3.314789518330589,4.1443835782344,0,0.14573241861636577,58.5
21,5,1.4868185215955603,2.0134318895049623,0,0.14573241861636577,58.5
21,6,0.7642095481472416,1.5714801974697141,0,0.14573241861636577,58.5
21,7,1.826648409737787,2.879840576776674,0,0.14573241861636577,58.5
21,8,3.1963023960712977,3.761082900153317,0,0.14573241861636577,58.5
21,9,1.7433803343817995,2.240316682357292,0,0.14573241861636577,58.5
21,10,4.202312185865932,5.156669310590817,0,0.14573241861636577,58.5
22,0,0,0,0,0.07544963367980001,117
22,1,5.098161594987409,6.772679786602632,0,0.07544963367980001,117
22,2,3.5998323858327956,4.83820387098942,0,0.07544963367980001,117
22,3,3.86226431331974,5.0155328809094915,0,0.07544963367980001,117
22,4,3.3056545609416834,4.731835959404873,0,0.07544963367980001,117
22,5,4.329480253024231,5.1047140934169875,0,0.07544963367980001,117
22,6,4.165304618875425,5.70555580634336,0,0.07544963367980001,117
22,7,3.1775474436627906,3.724116927080123,0,0.07544963367980001,117
22,8,5.201271418982108,6.343548013239857,0,0.07544963367980001,117
22,9,4.280203236550575,5.841746837683455,0,0.07544963367980001,117
22,10,4.457499144456207,5.199129369440011,0,0.07544963367980001,117
23,0,0,0,0,0.08965543108347328,108
23,1,4.482337739817121,5.699808959979481,0,0.08965543108347328,108
23,2,5.39814720331238,6.657627925383536,0,0.08965543108347328,108
23,3,3.5491168592222633,4.398419740304261,0,0.08965543108347328,108
23,4,2.5010394044205095,3.2824210015668474,0,0.08965543108347328,108
23,5,3.8572295888569363,6.107714042309489,0,0.08965543108347328,108
23,6,5.391608379459475,6.646760089865189,0,0.08965543108347328,108
23,7,2.9208873926149734,4.308384271699004,0,0.08965543108347328,108
23,8,3.848416957223478,5.077509429345688,0,0.08965543108347328,108
23,9,3.6928576833919204,5.713878433355171,0,0.08965543108347328,108
23,10,4.0450158454180984,5.180531884944146,0,0.08965543108347328,108
24,0,0,0,0,0.10504355676221866,63
24,1,2.3578330963561576,2.8892971643748266,0,0.10504355676221866,63
24,2,2.0924184109459216,2.496054202546597,0,0.10504355676221866,63
24,3,2.4715953988511243,3.0202265570242064,0,0.10504355676221866,63
24,4,3.7591601988787873,4.434434004185541,0,0.10504355676221866,63
24,5,3.231554566012845,4.049305858799489,0,0.10504355676221866,63
24,6,3.202939243828705,3.558590351539325,0,0.10504355676221866,63
24,7,2.5657656164713867,3.828133977842782,0,0.10504355676221866,63
24,8,1.1336046110426274,1.8917067472960158,0,0.10504355676221866,63
24,9,1.387154219222763,2.451137123918604,0,0.10504355676221866,63
24,10,1.452877047895269,2.33608113383183,0,0.10504355676221866,63
25,0,0,0,0,0.09850266928224859,85.5
25,1,3.507976903297959,4.007302684191176,0,0.09850266928224859,85.5
25,2,3.0980571333274685,3.904282421260492,0,0.09850266928224859,85.5
25,3,3.1081806933605547,3.9901171667657103,0,0.09850266928224859,85.5
25,4,3.2246161659081376,3.8646981380627725,0,0.09850266928224859,85.5
25,5,2.7543184297048344,3.964936412229292,0,0.09850266928224859,85.5
25,6,3.4490766015754954,4.436460329722891,0,0.09850266928224859,85.5
25,7,2.5506935708742597,2.8970062089525714,0,0.09850266928224859,85.5
25,8,1.844274575853392,2.179465916871989,0,0.09850266928224859,85.5
25,9,3.2402607143036186,5.511019468740729,0,0.09850266928224859,85.5
25,10,6.279192378881129,8.02772805213125,0,0.09850266928224859,85.5
26,0,0,0,0,0.08921099575296002,103.5
26,1,2.6731929885662007,3.389468109186743,0,0.08921099575296002,103.5
26,2,3.184701494846228,4.005101232230739,0,0.08921099575296002,103.5
26,3,3.415293953345112,4.336440148829852,0,0.08921099575296002,103.5
26,4,4.025148855920354,5.428213892554943,0,0.08921099575296002,103.5
26,5,5.897823562202055,7.951647799384054,0,0.08921099575296002,103.5
26,6,3.1468550941786573,4.488340093257971,0,0.08921099575296002,103.5
26,7,2.0132569993442093,2.771092041872587,0,0.08921099575296002,103.5
26,8,4.444792585498751,5.549933478863923,0,0.08921099575296002,103.5
26,9,5.146768804121374,6.227363143662769,0,0.08921099575296002,103.5
26,10,3.6645975058665154,4.770207263151034,0,0.08921099575296002,103.5
27,0,0,0,0,0.08335655619785173,103.5
27,1,4.68695281355651,5.506840741791982,0,0.08335655619785173,103.5
27,2,3.793132621868992,5.093715795072944,0,0.08335655619785173,103.5
27,3,3.7501123166345844,4.246246839517175,0,0.08335655619785173,103.5
27,4,8.59638145882725,9.92794386443863,0,0.08335655619785173,103.5
27,5,2.950407897620581,3.644931425728695,0,0.08335655619785173,103.5
27,6,3.192438104130128,3.7617235454685365,0,0.08335655619785173,103.5
27,7,2.994164934076041,3.62747701911554,0,0.08335655619785173,103.5
27,8,3.737147223368875,4.880780406749173,0,0.08335655619785173,103.5
27,9,2.8839334222367783,4.220364198211697,0,0.08335655619785173,103.5
27,10,2.9769815188746858,3.3728911524127905,0,0.08335655619785173,103.5
28,0,0,0,0,0.10304776099866414,67.5
28,1,1.9132467217072862,2.413823251727307,0,0.10304776099866414,67.5
28,2,3.1750335134365226,3.986196013762932,0,0.10304776099866414,67.5
28,3,3.9273950609493378,4.6012438030863,0,0.10304776099866414,67.5
28,4,2.0647026975359952,2.555767853096808,0,0.10304776099866414,67.5
28,5,1.6024631360640338,2.097849953728621,0,0.10304776099866414,67.5
28,6,3.2423563193790597,3.8507654856365514,0,0.10304776099866414,67.5
28,7,1.236785793707131,1.8068905562819169,0,0.10304776099866414,67.5
28,8,1.6895017854214955,2.4512543283621016,0,0.10304776099866414,67.5
28,9,2.710566448908534,3.4884490407914894,0,0.10304776099866414,67.5
28,10,2.886487022829191,3.675562946234821,0,0.10304776099866414,67.5
29,0,0,0,0,0.10214665907655705,76.5
29,1,2.3001936144441375,3.0940273041577555,0,0.10214665907655705,76.5
29,2,2.583605066843019,3.269668363284941,0,0.10214665907655705,76.5
29,3,1.935720548664341,2.409997527979868,0,0.10214665907655705,76.5
29,4,2.0444437722525444,2.4743377045993555,0,0.10214665907655705,76.5
29,5,1.7570438287347356,2.0615661867159507,0,0.10214665907655705,76.5
29,6,2.6113977954462713,3.4920604625507496,0,0.10214665907655705,76.5
29,7,2.5735942032810173,3.576745259654446,0,0.10214665907655705,76.5
29,8,2.321392724879598,3.1117919271799916,0,0.10214665907655705,76.5
29,9,3.019180676748265,3.8552165737848223,0,0.10214665907655705,76.5
29,10,4.620496882999146,5.827394735033497,0,0.10214665907655705,76.5
30,0,0,0,0,0.07697220579782454,121.5
30,1,4.381185848144962,4.953058894807616,0,0.07697220579782454,121.5
30,2,6.568618587457313,7.554476344803364,0,0.07697220579782454,121.5
30,3,4.203856996251251,5.290889412082231,0,0.07697220579782454,121.5
30,4,5.926556213306112,7.044556195071055,0,0.07697220579782454,121.5
30,5,3.9964952414840655,5.37474628699887,0,0.07697220579782454,121.5
30,6,6.675881970158645,8.959101668003646,0,0.07697220579782454,121.5
30,7,5.925978236882222,7.409120369204536,0,0.07697220579782454,121.5
30,8,3.3661048616412073,4.0456677128643355,0,0.07697220579782454,121.5
30,9,3.2988642907591625,3.9530350736260305,0,0.07697220579782454,121.5
30,10,7.192817655706916,8.521242285715909,0,0.07697220579782454,121.5
31,0,0,0,0,0.11768383859805055,63
31,1,3.315209207761156,4.2053843008496905,0,0.11768383859805055,63
31,2,1.7273722209634563,2.0547149210967612,0,0.11768383859805055,63
31,3,2.3765773386949087,4.282211579754953,0,0.11768383859805055,63
31,4,2.6443323791511526,3.6335716519820935,0,0.11768383859805055,63
31,5,2.833061666467432,3.349894755857845,0,0.11768383859805055,63
31,6,2.1186927620302565,2.5687946337314025,0,0.11768383859805055,63
31,7,1.0532904069862525,1.309472168915192,0,0.11768383859805055,63
31,8,3.5050989187174046,4.247836349957872,0,0.11768383859805055,63
31,9,3.5668389200894834,4.428308472470589,0,0.11768383859805055,63
31,10,0.9834753537729566,1.2146142429140292,0,0.11768383859805055,63
32,0,0,0,0,0.14087179017765827,54
32,1,1.8954155103564587,2.527590572698159,0,0.14087179017765827,54
32,2,1.3076859987055125,1.8299371728982223,0,0.14087179017765827,54
32,3,3.4312385263594067,4.099441687785777,0,0.14087179017765827,54
32,4,2.0477782603902273,2.37536965098723,0,0.14087179017765827,54
32,5,1.415964072017171,2.761903480960292,0,0.14087179017765827,54
32,6,1.5567560099152717,1.7560967708878183,0,0.14087179017765827,54
32,7,1.7636917289422318,2.1771232541065655,0,0.14087179017765827,54
32,8,1.6736526849063333,2.17571449743334,0,0.14087179017765827,54
32,9,0.51074669655816,1.0733032932368982,0,0.14087179017765827,54
32,10,3.593828159647486,4.540665223055097,0,0.14087179017765827,54
33,0,0,0,0,0.12903489031654114,67.5
33,1,3.2517016395320675,3.962387140688583,0,0.12903489031654114,67.5
33,2,2.1279209611084533,2.5731242470647193,0,0.12903489031654114,67.5
33,3,2.5415908922495505,3.2123263376289346,0,0.12903489031654114,67.5
33,4,3.9684092260735,4.620339859122419,0,0.12903489031654114,67.5
33,5,0.5558375481060365,0.6338386418510199,0,0.12903489031654114,67.5
33,6,1.7245989176827063,3.3444474328557456,0,0.12903489031654114,67.5
33,7,1.9785316678609832,2.3943447301790535,0,0.12903489031654114,67.5
33,8,3.938333661813417,4.398677616485888,0,0.12903489031654114,67.5
33,9,2.3838762477128768,3.3358759923024563,0,0.12903489031654114,67.5
33,10,2.229875615784623,2.645327815786934,0,0.12903489031654114,67.5
34,0,0,0,0,0.1052920294988837,81
34,1,2.4986318538214625,3.1420142391806745,0,0.1052920294988837,81
34,2,4.640657320176632,5.816076690330273,0,0.1052920294988837,81
34,3,1.2053769884907988,1.7204090700877601,0,0.1052920294988837,81
34,4,2.7043496652475554,3.573370380028119,0,0.1052920294988837,81
34,5,3.2620007921354413,3.9695110429942333,0,0.1052920294988837,81
34,6,4.359099268725285,5.63540583024298,0,0.1052920294988837,81
34,7,2.3845716363777245,2.9418111556557105,0,0.1052920294988837,81
34,8,2.757123137293163,3.37736728445035,0,0.1052920294988837,81
34,9,2.858132239864354,3.633501563372357,0,0.1052920294988837,81
34,10,2.394768095736749,3.2789578355466955,0,0.1052920294988837,81
35,0,0,0,0,0.07473162478724918,121.5
35,1,4.240554683885726,5.521370947878889,0,0.07473162478724918,121.5
35,2,3.1095648274519654,4.250817174111422,0,0.07473162478724918,121.5
35,3,5.132166537406229,6.644536975192904,0,0.07473162478724918,121.5
35,4,3.545104852698784,4.494113957663906,0,0.07473162478724918,121.5
35,5,4.7045843195948045,5.559910820411185,0,0.07473162478724918,121.5
35,6,6.01406314934944,7.409120369204539,0,0.07473162478724918,121.5
35,7,2.7018005582118376,3.3795406704717843,0,0.07473162478724918,121.5
35,8,4.9437057931920885,5.99565805896782,0,0.07473162478724918,121.5
35,9,3.8334487525765115,4.528390693262738,0,0.07473162478724918,121.5
35,10,5.846678608136082,6.77535910315095,0,0.07473162478724918,121.5
36,0,0,0,0,0.07512877877197291,99
36,1,3.311602409326223,4.994282932492337,0,0.07512877877197291,99
36,2,3.39788592324098,3.9485168074029016,0,0.07512877877197291,99
36,3,8.37611954092741,9.787765836493369,0,0.07512877877197291,99
36,4,4.117702480515105,4.850496255603839,0,0.07512877877197291,99
36,5,6.327395860998292,7.302872456113611,0,0.07512877877197291,99
36,6,4.159812956472477,4.824938223222339,0,0.07512877877197291,99
36,7,4.013643079932581,4.807900065181457,0,0.07512877877197291,99
36,8,2.0916398760691193,2.369831382066035,0,0.07512877877197291,99
36,9,5.016986615204879,5.651448072385585,0,0.07512877877197291,99
36,10,4.319424411159314,4.948938901311729,0,0.07512877877197291,99
37,0,0,0,0,0.09023740755065274,103.5
37,1,2.9819001211396805,4.532519615196645,0,0.09023740755065274,103.5
37,2,2.405076327224311,3.181151670125745,0,0.09023740755065274,103.5
37,3,3.9671885989126796,4.735625489269722,0,0.09023740755065274,103.5
37,4,6.381039878348956,7.86294185837428,0,0.09023740755065274,103.5
37,5,2.7127255449315295,4.07891771129999,0,0.09023740755065274,103.5
37,6,3.7653912920437578,4.676484605307857,0,0.09023740755065274,103.5
37,7,4.792954986964605,5.561679698738308,0,0.09023740755065274,103.5
37,8,3.358072105066074,4.511055512222718,0,0.09023740755065274,103.5
37,9,4.304047105920629,4.721581366196225,0,0.09023740755065274,103.5
37,10,2.4477982720583373,3.0723154050677777,0,0.09023740755065274,103.5
38,0,0,0,0,0.0944405948633609,103.5
38,1,3.0621163921124173,3.5649323230712064,0,0.0944405948633609,103.5
38,2,2.929387968119078,3.4327005428786124,0,0.0944405948633609,103.5
38,3,2.5924721109962348,3.0576299798494024,0,0.0944405948633609,103.5
38,4,1.623182261637406,2.5592384956060767,0,0.0944405948633609,103.5
38,5,2.5386384328709015,3.1815970305140535,0,0.0944405948633609,103.5
38,6,3.6646067101126456,4.223120667606041,0,0.0944405948633609,103.5
38,7,3.343829925835246,4.562441252064894,0,0.0944405948633609,103.5
38,8,3.3076362445406153,5.298176039964113,0,0.0944405948633609,103.5
38,9,3.1636850372680656,3.822436516061879,0,0.0944405948633609,103.5
38,10,5.171829719059757,5.952260299015355,0,0.0944405948633609,103.5
39,0,0,0,0,0.07711800344046009,112.5
39,1,4.175398110581596,5.069169488371146,0,0.07711800344046009,112.5
39,2,4.119096233139363,4.741548420702364,0,0.07711800344046009,112.5
39,3,2.876176985726155,3.401036900645442,0,0.07711800344046009,112.5
39,4,3.83845076826737,4.6114359085019965,0,0.07711800344046009,112.5
39,5,2.6456707681021587,3.184195634314255,0,0.07711800344046009,112.5
39,6,5.425458984981614,6.650202807913682,0,0.07711800344046009,112.5
39,7,3.8181930909792214,4.604107555877323,0,0.07711800344046009,112.5
39,8,4.912287583612182,5.7126080262100505,0,0.07711800344046009,112.5
39,9,4.932276772161551,6.080327099109486,0,0.07711800344046009,112.5
39,10,4.309254886635163,5.223740507670799,0,0.07711800344046009,112.5
40,0,0,0,0,0.09228723237279324,94.5
40,1,2.884144679042845,3.534612874881174,0,0.09228723237279324,94.5
40,2,3.692822584636657,4.687271435499918,0,0.09228723237279324,94.5
40,3,4.609004135385168,5.493129664576742,0,0.09228723237279324,94.5
40,4,2.992009002490858,3.674637947568065,0,0.09228723237279324,94.5
40,5,1.9112295971209756,2.275971114947435,0,0.09228723237279324,94.5
40,6,2.286766688815268,3.5291913975441442,0,0.09228723237279324,94.5
40,7,3.9912024646078708,4.867368137681522,0,0.09228723237279324,94.5
40,8,5.215666480614624,5.797582807377979,0,0.09228723237279324,94.5
40,9,4.260786607826793,4.824070138841044,0,0.09228723237279324,94.5
40,10,2.5211664103529876,3.81719043402169,0,0.09228723237279324,94.5
41,0,0,0,0,0.10475850139232902,81
41,1,2.4270128159441193,2.9847805369765616,0,0.10475850139232902,81
41,2,2.403307270921217,3.245524912353792,0,0.10475850139232902,81
41,3,2.366719818443344,3.334856908721641,0,0.10475850139232902,81
41,4,2.3242139594217783,3.0684916979766848,0,0.10475850139232902,81
41,5,2.3405051791583027,3.8927631837915073,0,0.10475850139232902,81
41,6,1.5160535785353844,2.21159306232723,0,0.10475850139232902,81
41,7,3.243962594902477,4.410975651600552,0,0.10475850139232902,81
41,8,2.8848462483863315,3.881366775981129,0,0.10475850139232902,81
41,9,2.899915950250745,4.409885986742581,0,0.10475850139232902,81
41,10,2.7795035630535314,4.008575488722286,0,0.10475850139232902,81
42,0,0,0,0,0.16467666586073715,58.5
42,1,1.534043645034449,2.0827014553687007,0,0.16467666586073715,58.5
42,2,3.3732751566251995,4.144383578234394,0,0.16467666586073715,58.5
42,3,1.0307349440764568,1.5714801974697146,0,0.16467666586073715,58.5
42,4,2.8264753348995457,3.7610829001533186,0,0.16467666586073715,58.5
42,5,3.7268479276349105,5.156669310590817,0,0.16467666586073715,58.5
42,6,1.7394234489549434,2.7666131391712345,0,0.16467666586073715,58.5
42,7,2.5218350948651804,3.670877113055853,0,0.16467666586073715,58.5
42,8,1.0920537755685797,1.57565027524161,0,0.16467666586073715,58.5
42,9,2.5006090270633314,3.2110120419282397,0,0.16467666586073715,58.5
42,10,0.6267300562247261,1.390705410436918,0,0.16467666586073715,58.5
43,0,0,0,0,0.4239243036083106,27
43,1,1.1049734106214764,1.3534938843007802,0,0.4239243036083106,27
43,2,0.7804749593814888,1.0621218959618117,0,0.4239243036083106,27
43,3,0.3363497602541589,0.5695617515606356,0,0.4239243036083106,27
43,4,0.8635141717545972,1.2462634895117892,0,0.4239243036083106,27
43,5,0.4341474465536339,0.8249481509522584,0,0.4239243036083106,27
43,6,0.9048122127525863,1.4348967997113322,0,0.4239243036083106,27
43,7,0.654800004430558,0.9414727144698642,0,0.4239243036083106,27
43,8,0.6462200570350101,0.8479055451823083,0,0.4239243036083106,27
43,9,1.0005464124106114,1.4539090352010278,0,0.4239243036083106,27
43,10,0.6246840377392638,0.8460169094850691,0,0.4239243036083106,27
44,0,0,0,0,0.3190263118072804,31.5
44,1,0.7969640018105212,1.4589085225727467,0,0.3190263118072804,31.5
44,2,0.0980657066311233,0.14600539013660807,0,0.3190263118072804,31.5
44,3,0.7205491481112359,0.9061742560083855,0,0.3190263118072804,31.5
44,4,1.3820246286785725,2.3049350565825266,0,0.3190263118072804,31.5
44,5,0.9663828568414433,1.0769908230503462,0,0.3190263118072804,31.5
44,6,1.5269148440627485,1.9710139278778527,0,0.3190263118072804,31.5
44,7,1.0619772435465864,2.4603459193431423,0,0.3190263118072804,31.5
44,8,0.4561794900735858,0.6077028722170045,0,0.3190263118072804,31.5
44,9,0.6264848127142199,0.7756696226612949,0,0.3190263118072804,31.5
44,10,1.751218195254277,2.2852289738737404,0,0.3190263118072804,31.5
45,0,0,0,0,0.17142377064172382,54
45,1,2.2257671160062507,2.976472594163248,0,0.17142377064172382,54
45,2,2.062558851202652,2.5996332069174732,0,0.17142377064172382,54
45,3,0.6223868594911076,1.125400712653136,0,0.17142377064172382,54
45,4,1.6163471101986744,3.5323624627257337,0,0.17142377064172382,54
45,5,2.3474003940133854,3.867574337790732,0,0.17142377064172382,54
45,6,0.3917666966256742,0.6443142753229749,0,0.17142377064172382,54
45,7,1.4992642899725677,1.9968538932767317,0,0.17142377064172382,54
45,8,1.985018019796045,2.340101675030876,0,0.17142377064172382,54
45,9,3.034957953507295,4.680874136025738,0,0.17142377064172382,54
45,10,2.547873305591186,3.1278068570049418,0,0.17142377064172382,54
46,0,0,0,0,0.10174533040459445,85.5
46,1,3.7243349709411024,4.598872209649974,0,0.10174533040459445,85.5
46,2,1.8584183618519559,2.5858263224335123,0,0.10174533040459445,85.5
46,3,5.1998005982497455,6.44501355723192,0,0.10174533040459445,85.5
46,4,2.8550188447362137,3.8863123911285715,0,0.10174533040459445,85.5
46,5,2.6934576859257917,3.5045034394826167,0,0.10174533040459445,85.5
46,6,2.6774059997744115,3.1676839604127642,0,0.10174533040459445,85.5
46,7,4.627564668976255,5.559466479106912,0,0.10174533040459445,85.5
46,8,3.6153738387920336,4.720403179409998,0,0.10174533040459445,85.5
46,9,2.0382998170685154,2.3617764018310345,0,0.10174533040459445,85.5
46,10,4.060992684743463,5.380468429533302,0,0.10174533040459445,85.5
47,0,0,0,0,0.08489713435830087,99
47,1,3.1645814519408835,3.5778391900112614,0,0.08489713435830087,99
47,2,2.7811164710801504,4.291291259335104,0,0.08489713435830087,99
47,3,2.6855391745476997,3.4745742018720622,0,0.08489713435830087,99
47,4,3.2615243331192527,3.8241632122010945,0,0.08489713435830087,99
47,5,2.0337277624639545,2.3195404469495977,0,0.08489713435830087,99
47,6,4.586368949726438,5.368170144262931,0,0.08489713435830087,99
47,7,4.890877961426956,5.818232239432026,0,0.08489713435830087,99
47,8,4.831028090631332,6.282965286114388,0,0.08489713435830087,99
47,9,3.952398668323798,4.553063586415033,0,0.08489713435830087,99
47,10,5.301241887809543,6.581786627331332,0,0.08489713435830087,99
48,0,0,0,0,0.11729003218583697,94.5
48,1,2.898877713989001,3.4116853786236594,0,0.11729003218583697,94.5
48,2,4.0111000539668815,5.965089213153314,0,0.11729003218583697,94.5
48,3,3.7254972520475094,4.226291993582101,0,0.11729003218583697,94.5
48,4,2.2865463850651064,2.719958252872436,0,0.11729003218583697,94.5
48,5,3.071415640182568,3.529191397544143,0,0.11729003218583697,94.5
48,6,1.569401215420366,2.337170893510061,0,0.11729003218583697,94.5
48,7,2.9937973894095578,3.589660082022452,0,0.11729003218583697,94.5
48,8,3.5476849606004066,4.130758126080076,0,0.11729003218583697,94.5
48,9,5.5133063825964594,6.712634186599249,0,0.11729003218583697,94.5
48,10,2.2354684459644645,2.65469233525584,0,0.11729003218583697,94.5
49,0,0,0,0,0.12429596088652081,99
49,1,1.694858011739899,2.0872260358712507,0,0.12429596088652081,99
49,2,3.7499788609981746,4.166247993771069,0,0.12429596088652081,99
49,3,4.34715091237208,5.6482106791501785,0,0.12429596088652081,99
49,4,2.1259149789784337,3.139019469283406,0,0.12429596088652081,99
49,5,1.7515695653659566,2.4909827189609284,0,0.12429596088652081,99
49,6,4.5877467232245275,5.935496983505191,0,0.12429596088652081,99
49,7,6.840330293979803,8.281820006201562,0,0.12429596088652081,99
49,8,1.60677078311755,2.1561485984632722,0,0.12429596088652081,99
49,9,2.3022297965678513,3.2396634484779905,0,0.12429596088652081,99
49,10,2.5003282181021085,3.8762091289092897,0,0.12429596088652081,99
50,0,0,0,0,0.10243434720530994,103.5
50,1,4.77691154534176,5.956176309292126,0,0.10243434720530994,103.5
50,2,3.9210612594968848,4.5470580352519105,0,0.10243434720530994,103.5
50,3,3.9895781321120203,4.890655305108632,0,0.10243434720530994,103.5
50,4,2.462877195787687,2.8405217489843086,0,0.10243434720530994,103.5
50,5,8.724778380244224,9.896623759787227,0,0.10243434720530994,103.5
50,6,5.415317817903243,8.144981084323591,0,0.10243434720530994,103.5
50,7,5.5325476439194246,6.421251909763153,0,0.10243434720530994,103.5
50,8,3.1463470803484705,4.009328419066221,0,0.10243434720530994,103.5
50,9,4.17247909448646,4.938672840403928,0,0.10243434720530994,103.5
50,10,3.7160867941343834,4.398896871535931,0,0.10243434720530994,103.5
51,0,0,0,0,0.06741267569633437,144
51,1,5.928730642922802,7.083175684040538,0,0.06741267569633437,144
51,2,3.8378473853832555,4.676138956717354,0,0.06741267569633437,144
51,3,4.370248391336047,5.055720360114296,0,0.06741267569633437,144
51,4,7.626998218174472,10.059272276723684,0,0.06741267569633437,144
51,5,3.7652413667943665,4.771836669485777,0,0.06741267569633437,144
51,6,5.487408812169272,6.688504200163679,0,0.06741267569633437,144
51,7,6.151235749121763,7.312006863380511,0,0.06741267569633437,144
51,8,4.801664667403129,5.537283535170236,0,0.06741267569633437,144
51,9,4.449387594538658,5.3084899760311135,0,0.06741267569633437,144
51,10,7.321114671088573,8.77148939154061,0,0.06741267569633437,144
52,0,0,0,0,0.05943090584601629,135
52,1,4.235221867555308,4.8372751334001105,0,0.05943090584601629,135
52,2,5.155167361785,6.643365547291,0,0.05943090584601629,135
52,3,5.112122104693116,6.207233537525169,0,0.05943090584601629,135
52,4,5.477864411089108,6.106301598843913,0,0.05943090584601629,135
52,5,4.2480349018826,5.499696853762582,0,0.05943090584601629,135
52,6,5.391510581277054,6.275621242944497,0,0.05943090584601629,135
52,7,5.348980457328497,6.389219710785805,0,0.05943090584601629,135
52,8,3.140725408725324,3.6708725036902634,0,0.05943090584601629,135
52,9,2.8883973539477057,3.2966651632070016,0,0.05943090584601629,135
52,10,6.451729086842525,7.680386928830552,0,0.05943090584601629,135
53,0,0,0,0,0.067600655281873,126
53,1,5.271157240066799,6.42884838379602,0,0.067600655281873,126
53,2,3.849152852222873,4.536623679574666,0,0.067600655281873,126
53,3,3.6328885531593733,4.719349508500555,0,0.067600655281873,126
53,4,5.036203373223155,5.890878767659833,0,0.067600655281873,126
53,5,3.654390488809004,4.4307417777410345,0,0.067600655281873,126
53,6,4.114820182237777,4.987350120550834,0,0.067600655281873,126
53,7,4.958845888408619,6.322037399685958,0,0.067600655281873,126
53,8,5.4322424436679295,6.16723252568169,0,0.067600655281873,126
53,9,6.001677280029962,7.109964605533349,0,0.067600655281873,126
53,10,2.6708407496028324,3.6002098168950347,0,0.067600655281873,126
54,0,0,0,0,0.08078577691528727,99
54,1,4.109242439941496,4.995715852932569,0,0.08078577691528727,99
54,2,8.354916327012187,9.787765836493369,0,0.08078577691528727,99
54,3,2.8252337110220065,3.604068790495174,0,0.08078577691528727,99
54,4,3.3809926382795528,4.824938223222342,0,0.08078577691528727,99
54,5,2.7996743071421792,3.3567067346987614,0,0.08078577691528727,99
54,6,4.665004023901194,5.651448072385585,0,0.08078577691528727,99
54,7,3.4811968914504186,4.050227085531964,0,0.08078577691528727,99
54,8,5.041232647025998,6.877399312419558,0,0.08078577691528727,99
54,9,3.871906893818739,4.451174978808272,0,0.08078577691528727,99
54,10,1.9625608646621584,2.966296571685966,0,0.08078577691528727,99
55,0,0,0,0,0.08584749115510883,103.5
55,1,4.227556870653428,5.02690389239572,0,0.08584749115510883,103.5
55,2,3.8514534981004105,4.487855452691372,0,0.08584749115510883,103.5
55,3,1.8619543725648446,2.3905437327972385,0,0.08584749115510883,103.5
55,4,4.046540143355629,4.598872193255948,0,0.08584749115510883,103.5
55,5,3.4517367348347494,4.09470710722974,0,0.08584749115510883,103.5
55,6,2.587913426649569,3.192444199790627,0,0.08584749115510883,103.5
55,7,4.3655899173882275,5.078865948150724,0,0.08584749115510883,103.5
55,8,4.122247919303404,4.7367663616118785,0,0.08584749115510883,103.5
55,9,3.5479434724537007,4.071928419260688,0,0.08584749115510883,103.5
55,10,2.5831929637744735,3.164301278394955,0,0.08584749115510883,103.5
56,0,0,0,0,0.12649674646084608,67.5
56,1,3.309516415430275,3.986196013762931,0,0.12649674646084608,67.5
56,2,2.1270207272693185,2.5557678530968087,0,0.12649674646084608,67.5
56,3,3.231349297861563,3.8507654856365496,0,0.12649674646084608,67.5
56,4,1.7689775227798028,2.4512543283620993,0,0.12649674646084608,67.5
56,5,3.182409576468689,3.675562946234821,0,0.12649674646084608,67.5
56,6,1.310598479772611,1.5884899618476496,0,0.12649674646084608,67.5
56,7,0.9276573422524045,1.2870385792879373,0,0.12649674646084608,67.5
56,8,2.4845391368853464,3.7276038772528852,0,0.12649674646084608,67.5
56,9,1.93473444242118,2.5113758371726753,0,0.12649674646084608,67.5
56,10,2.1197270270364257,3.6745184615700723,0,0.12649674646084608,67.5
57,0,0,0,0,0.09501440027643177,94.5
57,1,2.633172325133966,3.0940836661367968,0,0.09501440027643177,94.5
57,2,2.3042265594273625,3.0141970700518006,0,0.09501440027643177,94.5
57,3,4.794183756946247,5.882966404860883,0,0.09501440027643177,94.5
57,4,2.966260082759862,3.6841544906938806,0,0.09501440027643177,94.5
57,5,4.332355791795363,5.610818011299166,0,0.09501440027643177,94.5
57,6,2.698131049524866,3.6321398868782877,0,0.09501440027643177,94.5
57,7,2.909117256201748,3.6466758705434343,0,0.09501440027643177,94.5
57,8,2.6740027225700373,3.3263722832793166,0,0.09501440027643177,94.5
57,9,2.84618722789863,3.9332498036702974,0,0.09501440027643177,94.5
57,10,4.234265089274109,5.342042369381902,0,0.09501440027643177,94.5
58,0,0,0,0,0.07891720715723247,121.5
58,1,7.403819468309874,8.47514389241305,0,0.07891720715723247,121.5
58,2,3.523485461072168,4.233434122864229,0,0.07891720715723247,121.5
58,3,5.256436568488964,6.580316102757515,0,0.07891720715723247,121.5
58,4,3.069614187865631,4.986210707064729,0,0.07891720715723247,121.5
58,5,5.5628022297594395,6.884391711559535,0,0.07891720715723247,121.5
58,6,3.5465371083820507,4.401123942635246,0,0.07891720715723247,121.5
58,7,5.31027489152799,6.406678016207789,0,0.07891720715723247,121.5
58,8,5.754734422460809,6.720982036187413,0,0.07891720715723247,121.5
58,9,4.187640080043465,5.52968925868127,0,0.07891720715723247,121.5
58,10,3.629209148236079,4.613110079838977,0,0.07891720715723247,121.5
59,0,0,0,0,0.12223469532935696,81
59,1,2.6901614665302387,3.4495812480251327,0,0.12223469532935696,81
59,2,2.5560890038156714,3.1882010095299296,0,0.12223469532935696,81
59,3,1.6765043759021687,2.1646206933972687,0,0.12223469532935696,81
59,4,2.278568347535806,3.0247629109262655,0,0.12223469532935696,81
59,5,2.2993875546947393,2.8926384266850187,0,0.12223469532935696,81
59,6,3.0208386790251986,4.403484351814977,0,0.12223469532935696,81
59,7,3.1180189048705773,4.279640116733502,0,0.12223469532935696,81
59,8,3.311864275404448,4.143431970383796,0,0.12223469532935696,81
59,9,4.568945120765935,5.897685076998891,0,0.12223469532935696,81
59,10,3.3138824630262946,4.392146876699432,0,0.12223469532935696,81
60,0,0,0,0,0.12971133203806345,63
60,1,3.6929958240893477,5.1006974980149415,0,0.12971133203806345,63
60,2,3.3607706150539727,4.049305858799492,0,0.12971133203806345,63
60,3,2.226881473439069,3.953258351867944,0,0.12971133203806345,63
60,4,1.6310101009793803,2.3360811338318275,0,0.12971133203806345,63
60,5,1.9349636163358876,2.6306858385647223,0,0.12971133203806345,63
60,6,2.070587166606569,2.4425752289973266,0,0.12971133203806345,63
60,7,0.9973762203225696,1.5329687235240337,0,0.12971133203806345,63
60,8,1.1647687674447151,1.6367393826547372,0,0.12971133203806345,63
60,9,1.3134596811559327,1.7733860766306502,0,0.12971133203806345,63
60,10,3.1588221991959493,4.414094881101826,0,0.12971133203806345,63
61,0,0,0,0,0.09903668090336579,103.5
61,1,2.5338322347733584,3.084847630903118,0,0.09903668090336579,103.5
61,2,2.900446462258111,3.50568660957022,0,0.09903668090336579,103.5
61,3,3.677475732786895,4.96400104089996,0,0.09903668090336579,103.5
61,4,2.626069670514261,3.331142408819496,0,0.09903668090336579,103.5
61,5,3.907311945382271,4.7135689461784,0,0.09903668090336579,103.5
61,6,5.539565019462614,6.800318814436745,0,0.09903668090336579,103.5
61,7,3.9816002084297066,6.370369577143197,0,0.09903668090336579,103.5
61,8,3.681188135714377,4.330745177103384,0,0.09903668090336579,103.5
61,9,2.7598210251446855,3.398873942919633,0,0.09903668090336579,103.5
61,10,2.681779697344348,3.5852457914260847,0,0.09903668090336579,103.5
62,0,0,0,0,0.1156272035561264,90
62,1,2.545587312472439,3.0886217299898835,0,0.1156272035561264,90
62,2,3.184782496945633,4.2389738437134845,0,0.1156272035561264,90
62,3,2.6930779443486927,3.109304067453156,0,0.1156272035561264,90
62,4,5.236261151104423,6.728119254272099,0,0.1156272035561264,90
62,5,1.433080981768456,1.8780957385827124,0,0.1156272035561264,90
62,6,2.4654732610917334,3.334224821403778,0,0.1156272035561264,90
62,7,3.6079021148122603,4.5455133458010915,0,0.1156272035561264,90
62,8,3.93034884154731,4.823436099997661,0,0.1156272035561264,90
62,9,2.7521343480666323,3.3614991226816975,0,0.1156272035561264,90
62,10,3.9043170487281,4.997549771986896,0,0.1156272035561264,90
63,0,0,0,0,0.13533487056326723,49.5
63,1,0.5474622909034835,0.7786310479743916,0,0.13533487056326723,49.5
63,2,1.16928123598746,1.3956959257834163,0,0.13533487056326723,49.5
63,3,1.3433895298996634,1.7327452037259417,0,0.13533487056326723,49.5
63,4,1.8776791654803455,2.277256532637637,0,0.13533487056326723,49.5
63,5,1.3832813199585616,1.580970634915896,0,0.13533487056326723,49.5
63,6,2.386260850343993,2.770551091737552,0,0.13533487056326723,49.5
63,7,0.9593868676981917,1.3953550182841954,0,0.13533487056326723,49.5
63,8,1.813863323111279,2.136567376979752,0,0.13533487056326723,49.5
63,9,1.2236600316302526,1.4813748411586487,0,0.13533487056326723,49.5
63,10,1.1616051274710222,1.9138219401408016,0,0.13533487056326723,49.5
64,0,0,0,0,0.10537912808530463,72
64,1,1.7247087571909052,2.5765736490377327,0,0.10537912808530463,72
64,2,2.4800305371393976,2.824247957706797,0,0.10537912808530463,72
64,3,1.6407889977432186,2.004032728993361,0,0.10537912808530463,72
64,4,2.243804124250313,2.796015082869787,0,0.10537912808530463,72
64,5,4.214244858170628,4.886587032713627,0,0.10537912808530463,72
64,6,2.7560632118581556,3.198239851386858,0,0.10537912808530463,72
64,7,2.8641814990279255,3.74052577977337,0,0.10537912808530463,72
64,8,3.0501723914641836,3.4787679421480844,0,0.10537912808530463,72
64,9,3.454802547123861,4.231832724886921,0,0.10537912808530463,72
64,10,1.7447669956528753,2.0680846493120013,0,0.10537912808530463,72
65,0,0,0,0,0.08973914467289862,117
65,1,2.684712778902545,3.4773215395082193,0,0.08973914467289862,117
65,2,6.215652511904952,7.979744980058818,0,0.08973914467289862,117
65,3,2.6222658944387423,3.398907275166553,0,0.08973914467289862,117
65,4,4.031947480915242,4.986354870006895,0,0.08973914467289862,117
65,5,5.677249972069606,7.374492198962713,0,0.08973914467289862,117
65,6,3.8077366108969506,5.298591183445521,0,0.08973914467289862,117
65,7,2.317799826822004,3.044795572725443,0,0.08973914467289862,117
65,8,5.6827852792445075,6.849470322075379,0,0.08973914467289862,117
65,9,2.9629480590955604,4.060528848815387,0,0.08973914467289862,117
65,10,4.612507918107846,5.305452702634746,0,0.08973914467289862,117
66,0,0,0,0,0.1045962830249345,81
66,1,2.4677440477061166,3.0153949208172355,0,0.1045962830249345,81
66,2,3.815190198483081,4.87918980485743,0,0.1045962830249345,81
66,3,2.6440534071902095,3.8420384991705037,0,0.1045962830249345,81
66,4,4.234058473762138,5.342342320832423,0,0.1045962830249345,81
66,5,2.4718274476872857,2.9115376177299357,0,0.1045962830249345,81
66,6,1.9843255558376516,2.529086759765521,0,0.1045962830249345,81
66,7,2.5787523116413578,3.420227758154645,0,0.1045962830249345,81
66,8,3.624247776035411,4.498610105934018,0,0.1045962830249345,81
66,9,1.5289010398797476,2.0163609950231924,0,0.1045962830249345,81
66,10,2.784004446192882,3.5556625622003577,0,0.1045962830249345,81
67,0,0,0,0,0.11815247472027303,63
67,1,1.3749619854770496,2.1809754640655794,0,0.11815247472027303,63
67,2,1.3312007777627612,1.815601281257889,0,0.11815247472027303,63
67,3,0.8920068677613038,1.082269443706438,0,0.11815247472027303,63
67,4,1.347222260019106,1.7398504252095577,0,0.11815247472027303,63
67,5,2.3255323493656808,2.989781755534525,0,0.11815247472027303,63
67,6,2.8921180541919345,3.6472502138546004,0,0.11815247472027303,63
67,7,1.6422219455782767,1.9220518555505532,0,0.11815247472027303,63
67,8,3.9133562393525274,4.869814040542699,0,0.11815247472027303,63
67,9,2.785471589649719,3.4736788851904166,0,0.11815247472027303,63
67,10,2.2818945032055713,2.716355576075383,0,0.11815247472027303,63
68,0,0,0,0,0.12902679123767036,67.5
68,1,4.597198843185247,5.666831994302995,0,0.12902679123767036,67.5
68,2,2.5213727099536776,3.135936892436488,0,0.12902679123767036,67.5
68,3,3.629395336918371,4.463002667188947,0,0.12902679123767036,67.5
68,4,1.978781695606872,2.4579335019177293,0,0.12902679123767036,67.5
68,5,2.2380578695937308,3.1078102740922278,0,0.12902679123767036,67.5
68,6,1.1391830137503165,1.4468170905669564,0,0.12902679123767036,67.5
68,7,3.0826971993297834,4.109426414914385,0,0.12902679123767036,67.5
68,8,2.4554630003196216,2.9149466850833594,0,0.12902679123767036,67.5
68,9,0.7037742478376818,1.8077082836949196,0,0.12902679123767036,67.5
68,10,2.033058092121349,2.37636394388799,0,0.12902679123767036,67.5
69,0,0,0,0,0.09645461556966184,103.5
69,1,3.710822840731623,4.374097573250496,0,0.09645461556966184,103.5
69,2,5.53195508043367,6.467677557719277,0,0.09645461556966184,103.5
69,3,3.4640892088199156,5.605207529474388,0,0.09645461556966184,103.5
69,4,3.6891078056318403,4.872749716980415,0,0.09645461556966184,103.5
69,5,2.78353054920332,3.8800251683659503,0,0.09645461556966184,103.5
69,6,2.523863342262519,2.961490853194839,0,0.09645461556966184,103.5
69,7,4.433011764001408,5.742540735055839,0,0.09645461556966184,103.5
69,8,4.896154966963706,5.804134282163193,0,0.09645461556966184,103.5
69,9,3.606179912633659,5.231009606710083,0,0.09645461556966184,103.5
69,10,2.8220685244789596,3.766623275701704,0,0.09645461556966184,103.5
70,0,0,0,0,0.0898995994017473,94.5
70,1,2.4607928899373888,2.974146395225412,0,0.0898995994017473,94.5
70,2,2.0077318551258023,2.436056949906997,0,0.0898995994017473,94.5
70,3,4.705261556971606,6.230892417449972,0,0.0898995994017473,94.5
70,4,4.029577701639999,4.86736813768152,0,0.0898995994017473,94.5
70,5,4.4644170290320195,5.330615801776495,0,0.0898995994017473,94.5
70,6,1.5189074791931547,2.1716226477692495,0,0.0898995994017473,94.5
70,7,3.1577766980253132,3.7121618671186796,0,0.0898995994017473,94.5
70,8,2.704328130298155,3.949871492938309,0,0.0898995994017473,94.5
70,9,2.638525511530004,3.768054418820874,0,0.0898995994017473,94.5
70,10,6.220256447065539,7.237451377010438,0,0.0898995994017473,94.5
71,0,0,0,0,0.2118307325837548,40.5
71,1,1.2286428559742502,1.5548255735739005,0,0.2118307325837548,40.5
71,2,2.1599183546612926,2.8465708110289962,0,0.2118307325837548,40.5
71,3,1.4146193797116935,1.713770521337736,0,0.2118307325837548,40.5
71,4,2.3064719524706843,2.652736868867735,0,0.2118307325837548,40.5
71,5,1.1004711635627735,1.5055311340585054,0,0.2118307325837548,40.5
71,6,1.4077214651116763,1.9044051311369328,0,0.2118307325837548,40.5
71,7,1.9288678454065242,2.3227516532384707,0,0.2118307325837548,40.5
71,8,2.4017791002867086,2.879922345378279,0,0.2118307325837548,40.5
71,9,1.288655954230754,1.544220935185789,0,0.2118307325837548,40.5
71,10,0.6643159990601182,0.8390595831822136,0,0.2118307325837548,40.5
72,0,0,0,0,0.172218334698986,54
72,1,2.070709498377516,2.6645266159222536,0,0.172218334698986,54
72,2,3.1553423403046623,3.524090371498242,0,0.172218334698986,54
72,3,1.5057704789739623,1.7412187191019297,0,0.172218334698986,54
72,4,0.4915893429419055,1.0733032932368967,0,0.172218334698986,54
72,5,1.9105086836908354,2.340101675030878,0,0.172218334698986,54
72,6,2.3925752355941556,2.854568352839308,0,0.172218334698986,54
72,7,1.3282044549120435,2.14267348149207,0,0.172218334698986,54
72,8,2.4610444292996414,3.366476481006718,0,0.172218334698986,54
72,9,2.3749860277877404,2.863121212840391,0,0.172218334698986,54
72,10,2.2113450162029515,3.1428971025778503,0,0.172218334698986,54
73,0,0,0,0,0.11257511771140485,76.5
73,1,3.754643617002935,5.344576664750734,0,0.11257511771140485,76.5
73,2,0.6811543317855108,1.2038798266112158,0,0.11257511771140485,76.5
73,3,2.256522096151763,2.8168485153163156,0,0.11257511771140485,76.5
73,4,1.8874654649169595,2.7020251098945933,0,0.11257511771140485,76.5
73,5,2.9666702108765954,4.638171331849894,0,0.11257511771140485,76.5
73,6,2.4105942330117043,3.0805937252441664,0,0.11257511771140485,76.5
73,7,1.2361255718117026,1.436635511575658,0,0.11257511771140485,76.5
73,8,5.757013114569737,7.260793115112287,0,0.11257511771140485,76.5
73,9,3.00355549700181,3.4426023892732185,0,0.11257511771140485,76.5
73,10,3.0867632236709603,5.056072190093766,0,0.11257511771140485,76.5
74,0,0,0,0,0.10660278193545772,76.5
74,1,1.3258481355492888,1.8428540089115288,0,0.10660278193545772,76.5
74,2,3.2660804551717413,4.22609584158501,0,0.10660278193545772,76.5
74,3,3.0859536612789,3.893260205892904,0,0.10660278193545772,76.5
74,4,2.309406226547551,3.236644531712369,0,0.10660278193545772,76.5
74,5,1.6582278878372887,2.4666506719188224,0,0.10660278193545772,76.5
74,6,2.685738595189993,3.370305031651501,0,0.10660278193545772,76.5
74,7,2.970575601649208,4.495727287801139,0,0.10660278193545772,76.5
74,8,3.132904436851708,3.920887632147285,0,0.10660278193545772,76.5
74,9,1.8247133893785872,2.2441802085170632,0,0.10660278193545772,76.5
74,10,2.048563656634147,2.5120654844219565,0,0.10660278193545772,76.5
75,0,0,0,0,0.1045422722822051,81
75,1,3.1290889392503423,3.9881922735060407,0,0.1045422722822051,81
75,2,3.326317456426771,4.4216213156349,0,0.1045422722822051,81
75,3,4.078731241425079,5.255890787578766,0,0.1045422722822051,81
75,4,2.8555603221861285,3.9250212202566086,0,0.1045422722822051,81
75,5,1.4381522138706058,1.9122472084215296,0,0.1045422722822051,81
75,6,2.826875068414528,3.798203749694445,0,0.1045422722822051,81
75,7,3.2735873426902637,4.051758906642074,0,0.1045422722822051,81
75,8,4.2051680388893065,5.721019968933383,0,0.1045422722822051,81
75,9,5.3602478168365355,6.761274054943254,0,0.1045422722822051,81
75,10,2.242225611945424,3.2170713859467512,0,0.1045422722822051,81
76,0,0,0,0,0.14030312702496778,54
76,1,1.3289140321652235,1.5796618096764394,0,0.14030312702496778,54
76,2,0.9658371206979038,1.1450311817040284,0,0.14030312702496778,54
76,3,1.9900097270950203,2.5526011620183144,0,0.14030312702496778,54
76,4,1.6870703832419647,2.4393828437815785,0,0.14030312702496778,54
76,5,1.6276369465233393,2.0409032546705297,0,0.14030312702496778,54
76,6,1.4688966847055174,1.7946127969950023,0,0.14030312702496778,54
76,7,1.2962186280398176,1.8899074115911751,0,0.14030312702496778,54
76,8,1.249741943198125,2.277612389768386,0,0.14030312702496778,54
76,9,2.66880524542128,2.9578138885501963,0,0.14030312702496778,54
76,10,1.3170934590139276,1.7675979604953644,0,0.14030312702496778,54
77,0,0,0,0,0.1415173149304009,63
77,1,1.9133646883867181,2.2235834945864696,0,0.1415173149304009,63
77,2,1.3994636594613268,1.6743403754933393,0,0.1415173149304009,63
77,3,1.418195885690543,1.9070840603212411,0,0.1415173149304009,63
77,4,3.212056855062289,4.560205070310167,0,0.1415173149304009,63
77,5,2.857136491114894,3.2784994790971598,0,0.1415173149304009,63
77,6,1.412674955157621,1.696432998379752,0,0.1415173149304009,63
77,7,0.8164181156361576,1.2921501274901523,0,0.1415173149304009,63
77,8,2.0256049478586564,2.5573396722064987,0,0.1415173149304009,63
77,9,3.5596648404473368,4.4216910266123115,0,0.1415173149304009,63
77,10,2.4662872581559765,3.0865566535314537,0,0.1415173149304009,63
78,0,0,0,0,0.11187471745411694,81
78,1,2.4109612646941745,2.862336494278987,0,0.11187471745411694,81
78,2,3.5239759138747737,4.1857025576537366,0,0.11187471745411694,81
78,3,4.1964531207493385,5.417340224534884,0,0.11187471745411694,81
78,4,3.3786836739743897,4.062911560685685,0,0.11187471745411694,81
78,5,2.877424621208218,3.8316856081344666,0,0.11187471745411694,81
78,6,1.7916031487559334,2.03414928219985,0,0.11187471745411694,81
78,7,3.918037128328399,4.488440398019083,0,0.11187471745411694,81
78,8,2.5343346433258005,3.3406546283487772,0,0.11187471745411694,81
78,9,3.635973561497313,4.255931483194083,0,0.11187471745411694,81
78,10,3.8004139467644853,4.653530568926355,0,0.11187471745411694,81
79,0,0,0,0,0.15071006831751055,58.5
79,1,2.2678902627086046,2.606536854249296,0,0.15071006831751055,58.5
79,2,1.3311103226023144,1.6418369738581633,0,0.15071006831751055,58.5
79,3,2.7556027012895634,3.487576559028594,0,0.15071006831751055,58.5
79,4,0.9893763867261742,2.318356225213386,0,0.15071006831751055,58.5
79,5,2.3294347465152274,3.1129518095156015,0,0.15071006831751055,58.5
79,6,1.61814746401289,2.8537074970830276,0,0.15071006831751055,58.5
79,7,1.9925409189865484,2.531390233844739,0,0.15071006831751055,58.5
79,8,1.50358380460154,1.819188408401824,0,0.15071006831751055,58.5
79,9,3.2236679745543517,3.9081035825012065,0,0.15071006831751055,58.5
79,10,2.500573591693956,3.222117420163167,0,0.15071006831751055,58.5
80,0,0,0,0,0.14322457834397528,76.5
80,1,3.108879854324536,3.922559333727648,0,0.14322457834397528,76.5
80,2,2.5326858287341283,3.3718915637173366,0,0.14322457834397528,76.5
80,3,1.4966427426893134,2.655377564972712,0,0.14322457834397528,76.5
80,4,4.6385629078088755,5.527216733435351,0,0.14322457834397528,76.5
80,5,2.6330803057744254,3.105779110863834,0,0.14322457834397528,76.5
80,6,1.561223603310598,1.87507016469634,0,0.14322457834397528,76.5
80,7,2.5439856651753776,3.7060575537981277,0,0.14322457834397528,76.5
80,8,2.1998045544438876,2.6588351784891957,0,0.14322457834397528,76.5
80,9,4.53319829236816,5.375442923488183,0,0.14322457834397528,76.5
80,10,2.4172508163950823,2.8098970966249497,0,0.14322457834397528,76.5
81,0,0,0,0,0.24815299841449243,45
81,1,1.5094752273329244,1.9952566391379414,0,0.24815299841449243,45
81,2,1.2268965291489482,1.4551404251786573,0,0.24815299841449243,45
81,3,1.3805698387503436,2.0634457164425615,0,0.24815299841449243,45
81,4,1.9308181677985372,2.294008772393143,0,0.24815299841449243,45
81,5,3.130624574895028,3.6814740432310855,0,0.24815299841449243,45
81,6,0.8850168097675519,1.609202135247118,0,0.24815299841449243,45
81,7,0.459862445523737,1.3808982636092475,0,0.24815299841449243,45
81,8,1.7542453583981834,2.1102523180909007,0,0.24815299841449243,45
81,9,1.8747106770931516,2.626353670129028,0,0.24815299841449243,45
81,10,0.8905772841704072,1.1433968605363807,0,0.24815299841449243,45
82,0,0,0,0,0.21698419513514244,40.5
82,1,1.7935077121490537,2.5426117915163,0,0.21698419513514244,40.5
82,2,0.7086674284652026,0.8974032710037804,0,0.21698419513514244,40.5
82,3,1.433889860008157,1.6036460254081804,0,0.21698419513514244,40.5
82,4,1.5697815534392485,1.9299753652210958,0,0.21698419513514244,40.5
82,5,1.5455205560784402,2.0362921097873357,0,0.21698419513514244,40.5
82,6,0.9490500217173918,1.2856123980230072,0,0.21698419513514244,40.5
82,7,0.9660628154806017,1.3162720261352632,0,0.21698419513514244,40.5
82,8,1.3593533367259025,1.5944166968749676,0,0.21698419513514244,40.5
82,9,0.9891747467206089,1.5057992546243022,0,0.21698419513514244,40.5
82,10,1.8042907395287122,3.0694741986488423,0,0.21698419513514244,40.5
83,0,0,0,0,0.1751507666880898,63
83,1,2.626817824874443,3.1888056474094775,0,0.1751507666880898,63
83,2,1.7799384077163016,2.2082280720322744,0,0.1751507666880898,63
83,3,1.3742827906921042,1.7548890835266482,0,0.1751507666880898,63
83,4,3.4321826765175656,4.734297465897048,0,0.1751507666880898,63
83,5,3.7482209681555934,4.660222104327538,0,0.1751507666880898,63
83,6,1.4399529431354876,1.8925584862299942,0,0.1751507666880898,63
83,7,2.3232571188445186,3.2556717252169753,0,0.1751507666880898,63
83,8,3.154747846582987,4.037626821692199,0,0.1751507666880898,63
83,9,1.241524920380749,2.039994715343402,0,0.1751507666880898,63
83,10,0.8301486596857434,1.3574091225180718,0,0.1751507666880898,63
84,0,0,0,0,0.23177685490449382,58.5
84,1,2.887664209237481,4.1443835782344,0,0.23177685490449382,58.5
84,2,2.964695487347728,3.76108290015332,0,0.23177685490449382,58.5
84,3,2.3591193293867305,2.7666131391712363,0,0.23177685490449382,58.5
84,4,1.3682579842598326,1.5756502752416097,0,0.23177685490449382,58.5
84,5,0.6745175914702539,1.3907054104369174,0,0.23177685490449382,58.5
84,6,0.951635734713,2.1564413161631624,0,0.23177685490449382,58.5
84,7,1.633838980322942,2.0831412310377697,0,0.23177685490449382,58.5
84,8,1.0472770333547667,1.651532304417045,0,0.23177685490449382,58.5
84,9,1.4973577609438369,2.4934847985827933,0,0.23177685490449382,58.5
84,10,0.596354468294944,0.8417736268893098,0,0.23177685490449382,58.5
85,0,0,0,0,0.12104052434577436,72
85,1,3.489677154516706,4.3624422460128205,0,0.12104052434577436,72
85,2,1.8911828619316424,2.5627038395339246,0,0.12104052434577436,72
85,3,1.8863321713119123,2.191157835090552,0,0.12104052434577436,72
85,4,1.8883304264996243,3.1086453681876085,0,0.12104052434577436,72
85,5,2.7584130606871797,3.6388182981228416,0,0.12104052434577436,72
85,6,2.218999724728116,3.039672726464884,0,0.12104052434577436,72
85,7,2.9744427926191164,4.046961280780923,0,0.12104052434577436,72
85,8,2.4864989161813456,3.11329574741849,0,0.12104052434577436,72
85,9,2.206120916217108,2.741427771990699,0,0.12104052434577436,72
85,10,2.462864470703886,3.0347574910249757,0,0.12104052434577436,72
86,0,0,0,0,0.15972844686726023,63
86,1,2.0024190254878436,2.2984024096391815,0,0.15972844686726023,63
86,2,1.4186654493005428,2.016167168735059,0,0.15972844686726023,63
86,3,1.9018160525979275,2.4144173852214976,0,0.15972844686726023,63
86,4,1.0154532796426394,1.4530562439878811,0,0.15972844686726023,63
86,5,2.3880167891227706,2.881194439880865,0,0.15972844686726023,63
86,6,2.7836621528483665,3.457382527240933,0,0.15972844686726023,63
86,7,3.2865599810545483,4.381958711219986,0,0.15972844686726023,63
86,8,1.5593082926039625,1.9760298826497686,0,0.15972844686726023,63
86,9,2.5029712743326424,3.585326826986668,0,0.15972844686726023,63
86,10,2.1053657990351287,2.666643278955086,0,0.15972844686726023,63
87,0,0,0,0,0.23532714112198796,40.5
87,1,0.7095436131047439,0.9898189531850895,0,0.23532714112198796,40.5
87,2,1.287676733204089,2.068361959165504,0,0.23532714112198796,40.5
87,3,0.5908363348306299,0.6732541679811382,0,0.23532714112198796,40.5
87,4,1.256113434221453,1.4958444652727192,0,0.23532714112198796,40.5
87,5,0.45096632557638267,0.5749530361956271,0,0.23532714112198796,40.5
87,6,1.1236887856895281,2.3746825485137877,0,0.23532714112198796,40.5
87,7,1.915987151369514,2.798341629511657,0,0.23532714112198796,40.5
87,8,2.523429802343291,3.901571560659558,0,0.23532714112198796,40.5
87,9,0.7257812347862347,1.2720416463216122,0,0.23532714112198796,40.5
87,10,1.833461611787701,2.298079016277644,0,0.23532714112198796,40.5
88,0,0,0,0,0.3355761129265663,45
88,1,0.6140778235755574,0.7857279628764735,0,0.3355761129265663,45
88,2,2.402683391314234,3.5377094436890837,0,0.3355761129265663,45
88,3,1.8644341976212233,2.601813133353263,0,0.3355761129265663,45
88,4,0.5500934391569826,0.6666470362417914,0,0.3355761129265663,45
88,5,2.410686244303037,2.8804386409477005,0,0.3355761129265663,45
88,6,2.2138032198660613,2.881620754745403,0,0.3355761129265663,45
88,7,0.6064373801236097,1.0987654178723676,0,0.3355761129265663,45
88,8,0.8297003338489676,1.8415144346026648,0,0.3355761129265663,45
88,9,2.2109958726922616,2.642525816612092,0,0.3355761129265663,45
88,10,0.9601888607259196,1.487655630747663,0,0.3355761129265663,45
89,0,0,0,0,0.174409444944864,72
89,1,2.0964753153251463,3.1453551505996504,0,0.174409444944864,72
89,2,3.850705489965325,4.791970004788843,0,0.174409444944864,72
89,3,1.9714257381882525,2.353834113621203,0,0.174409444944864,72
89,4,1.80064386575232,2.409775465899316,0,0.174409444944864,72
89,5,2.7637983202882643,3.250136651411685,0,0.174409444944864,72
89,6,1.4621314516045527,2.6629708358682707,0,0.174409444944864,72
89,7,2.0113823952762004,2.581084874399308,0,0.174409444944864,72
89,8,2.57373701841038,3.43398594980337,0,0.174409444944864,72
89,9,2.3059774199838223,3.6103414931851727,0,0.174409444944864,72
89,10,1.4478964947207438,1.7327905098310596,0,0.174409444944864,72
90,0,0,0,0,0.23308191471350215,49.5
90,1,1.8566239921703038,2.5870697958986373,0,0.23308191471350215,49.5
90,2,2.3242437019808313,3.427521830242884,0,0.23308191471350215,49.5
90,3,0.30962086994368676,0.5760947737107497,0,0.23308191471350215,49.5
90,4,1.8975249034831525,2.3351283138440633,0,0.23308191471350215,49.5
90,5,2.0081886690544257,2.5785311129520534,0,0.23308191471350215,49.5
90,6,1.1661366832266191,1.4808683463035563,0,0.23308191471350215,49.5
90,7,0.7954608727080591,1.9138219401408025,0,0.23308191471350215,49.5
90,8,1.954943030454326,2.99786478821815,0,0.23308191471350215,49.5
90,9,1.2195322178244,1.5884685829864664,0,0.23308191471350215,49.5
90,10,2.050609079585022,2.5647019580872734,0,0.23308191471350215,49.5
91,0,0,0,0,0.15879432997730222,63
91,1,1.7225633595207626,2.2583449693550652,0,0.15879432997730222,63
91,2,1.3350403987837793,1.5974988129885535,0,0.15879432997730222,63
91,3,2.0099089424457746,2.5807315179408508,0,0.15879432997730222,63
91,4,2.347764592840332,3.213892423557748,0,0.15879432997730222,63
91,5,1.1388125026475397,1.5609495307716064,0,0.15879432997730222,63
91,6,3.0022482791558076,3.721042482780001,0,0.15879432997730222,63
91,7,1.1990404257916347,1.44609882735445,0,0.15879432997730222,63
91,8,1.6591795557711506,2.0479620609262903,0,0.15879432997730222,63
91,9,2.681350468116547,3.5762121681594095,0,0.15879432997730222,63
91,10,0.7115587958158812,1.2796479901442144,0,0.15879432997730222,63
92,0,0,0,0,0.20760300705331589,45
92,1,0.7496870345680635,0.9900517646967238,0,0.20760300705331589,45
92,2,1.326487775211833,2.1718431485610807,0,0.20760300705331589,45
92,3,1.273863402721191,1.9441411030960891,0,0.20760300705331589,45
92,4,1.7479328498801396,2.6605238897779127,0,0.20760300705331589,45
92,5,1.5080875747318492,2.1460171490749596,0,0.20760300705331589,45
92,6,2.2504352259008504,2.8418498395178493,0,0.20760300705331589,45
92,7,1.276431680065881,1.8904470978391503,0,0.20760300705331589,45
92,8,1.8953786585041872,2.2879091589346414,0,0.20760300705331589,45
92,9,1.4999041520834138,1.7436046599044652,0,0.20760300705331589,45
92,10,1.7939864726344878,2.237266984104662,0,0.20760300705331589,45
93,0,0,0,0,0.14025585985973565,67.5
93,1,2.6712376386042567,4.288870621955084,0,0.14025585985973565,67.5
93,2,2.548254119181522,2.8152372723933055,0,0.14025585985973565,67.5
93,3,3.6170899371778438,5.304966533746767,0,0.14025585985973565,67.5
93,4,2.0377486572940398,2.332662551034819,0,0.14025585985973565,67.5
93,5,1.308362982766363,1.582931713000363,0,0.14025585985973565,67.5
93,6,2.3232769081988796,2.698255035868192,0,0.14025585985973565,67.5
93,7,1.509987973081963,1.6405207802037474,0,0.14025585985973565,67.5
93,8,1.2475887936778225,1.5358239041265205,0,0.14025585985973565,67.5
93,9,1.2319515281967564,1.448206531420235,0,0.14025585985973565,67.5
93,10,3.9774529998671855,6.679907989663051,0,0.14025585985973565,67.5
94,0,0,0,0,0.08409373799228427,94.5
94,1,2.4260366356354077,4.030250889631538,0,0.08409373799228427,94.5
94,2,3.4685432061822365,3.788315643625529,0,0.08409373799228427,94.5
94,3,4.201629315315369,5.12815003347115,0,0.08409373799228427,94.5
94,4,5.315137525587882,6.126070792108683,0,0.08409373799228427,94.5
94,5,5.891542664984906,6.581765574928933,0,0.08409373799228427,94.5
94,6,4.499287230605812,5.617712210655331,0,0.08409373799228427,94.5
94,7,3.381552437774081,4.070232291855528,0,0.08409373799228427,94.5
94,8,2.8572364247419455,3.3351832882959602,0,0.08409373799228427,94.5
94,9,3.4268809535258775,4.157549337421914,0,0.08409373799228427,94.5
94,10,2.0674813519848767,2.752718252519808,0,0.08409373799228427,94.5
95,0,0,0,0,0.09806587805187511,94.5
95,1,2.4600385327709358,2.8042007588515467,0,0.09806587805187511,94.5
95,2,1.9751254133064293,2.7769998108989817,0,0.09806587805187511,94.5
95,3,4.704407215994759,5.61081801129916,0,0.09806587805187511,94.5
95,4,4.296708141590142,5.618514165514343,0,0.09806587805187511,94.5
95,5,4.727745684267779,6.047386503236711,0,0.09806587805187511,94.5
95,6,4.581281416733505,5.342042369381902,0,0.09806587805187511,94.5
95,7,4.408110897131013,5.046554423299264,0,0.09806587805187511,94.5
95,8,3.429019577304152,4.430387412119179,0,0.09806587805187511,94.5
95,9,1.426812288447088,2.077873213932539,0,0.09806587805187511,94.5
95,10,4.421293698300509,5.001438598769107,0,0.09806587805187511,94.5
96,0,0,0,0,0.11032802826633852,72
96,1,3.5677995128906166,4.6188026657797705,0,0.11032802826633852,72
96,2,1.6948177473092587,2.00403272899336,0,0.11032802826633852,72
96,3,1.105508749705081,1.6703543062527653,0,0.11032802826633852,72
96,4,2.737335075602404,3.1982398513868566,0,0.11032802826633852,72
96,5,1.4614847860816549,1.7245222781517933,0,0.11032802826633852,72
96,6,3.7571542695606404,4.2318327248869165,0,0.11032802826633852,72
96,7,2.1762920787636437,2.743785432892302,0,0.11032802826633852,72
96,8,1.607563726497597,2.1480465905049395,0,0.11032802826633852,72
96,9,4.18629875824796,4.727348893726305,0,0.11032802826633852,72
96,10,2.358476290273567,2.761494668015973,0,0.11032802826633852,72
97,0,0,0,0,0.15997368755670255,54
97,1,0.6891316707262138,0.769321655370023,0,0.15997368755670255,54
97,2,2.686575616255884,3.268475164458125,0,0.15997368755670255,54
97,3,2.2635715026957914,2.6274993169485263,0,0.15997368755670255,54
97,4,2.040700586477573,2.6534319672809636,0,0.15997368755670255,54
97,5,1.2284721428211587,1.3970391568681662,0,0.15997368755670255,54
97,6,0.7744962346655868,1.0330406468686613,0,0.15997368755670255,54
97,7,1.950401467714625,2.766614681462093,0,0.15997368755670255,54
97,8,1.7015781502799674,2.1890768777677083,0,0.15997368755670255,54
97,9,1.5305261807768245,1.9004241293849389,0,0.15997368755670255,54
97,10,3.8020765053047976,4.291264050446144,0,0.15997368755670255,54
98,0,0,0,0,0.4582331120258582,36
98,1,0.9111519911512491,1.738640372781432,0,0.4582331120258582,36
98,2,0.6045586748419298,1.3279206354743682,0,0.4582331120258582,36
98,3,0.6653049837994562,0.7877776589154175,0,0.4582331120258582,36
98,4,0.4337663231078318,0.5278080631407933,0,0.4582331120258582,36
98,5,0.8004481967202557,1.0333836091754423,0,0.4582331120258582,36
98,6,0.5695066485736489,0.8851001039281956,0,0.4582331120258582,36
98,7,0.44165101636666265,0.9589430099470796,0,0.4582331120258582,36
98,8,1.3630745814560832,1.8648684298079357,0,0.4582331120258582,36
98,9,0.473098810853026,0.7483177064886423,0,0.4582331120258582,36
98,10,1.2453779557020217,1.5193776437118114,0,0.4582331120258582,36
